Gene,Class_I_peptide_1,Class_I_pos_1,Class_I_peptide_2,Class_I_pos_2,overlap_len,overlap_seq,Overlap
Zfp36l2,HPKYKTEL,"(190, 197)",RHPKYKTEL,"(189, 197)",8,HPKYKTEL,True
Akr1a1,GRSPAQILL,"(241, 249)",SPAQILLRW,"(243, 251)",7,SPAQILL,True
Akr1a1,SVRPAVLQV,"(176, 184)",VASVRPAVL,"(174, 182)",7,SVRPAVL,True
H2-Q7,AGDGTFQKW,"(256, 264)",ETRPAGDGTF,"(252, 261)",6,AGDGTF,True
H2-Q7,AGDGTFQKW,"(256, 264)",ETRPAGDGTFQK,"(252, 263)",8,AGDGTFQK,True
H2-Q7,AGDGTFQKW,"(256, 264)",RPAGDGTFQKW,"(254, 264)",9,AGDGTFQKW,True
H2-Q7,AGDGTFQKW,"(256, 264)",TRPAGDGTFQ,"(253, 262)",7,AGDGTFQ,True
H2-Q7,AGDGTFQKW,"(256, 264)",VETRPAGDGTF,"(251, 261)",6,AGDGTF,True
H2-Q7,DTQFVRFD,"(50, 57)",YVDDTQFVR,"(47, 55)",6,DTQFVR,True
H2-Q7,DTQFVRFD,"(50, 57)",YVDDTQFVRF,"(47, 56)",7,DTQFVRF,True
H2-Q7,DTQFVRFD,"(50, 57)",YVDDTQFVRFD,"(47, 57)",8,DTQFVRFD,True
H2-Q7,ETRPAGDGTF,"(252, 261)",ETRPAGDGTFQK,"(252, 263)",10,ETRPAGDGTF,True
H2-Q7,ETRPAGDGTF,"(252, 261)",RPAGDGTFQKW,"(254, 264)",8,RPAGDGTF,True
H2-Q7,ETRPAGDGTF,"(252, 261)",TRPAGDGTFQ,"(253, 262)",9,TRPAGDGTF,True
H2-Q7,ETRPAGDGTF,"(252, 261)",VETRPAGDGTF,"(251, 261)",10,ETRPAGDGTF,True
H2-Q7,ETRPAGDGTFQK,"(252, 263)",RPAGDGTFQKW,"(254, 264)",10,RPAGDGTFQK,True
H2-Q7,ETRPAGDGTFQK,"(252, 263)",TRPAGDGTFQ,"(253, 262)",10,TRPAGDGTFQ,True
H2-Q7,ETRPAGDGTFQK,"(252, 263)",VETRPAGDGTF,"(251, 261)",10,ETRPAGDGTF,True
H2-Q7,RPAGDGTFQKW,"(254, 264)",TRPAGDGTFQ,"(253, 262)",9,RPAGDGTFQ,True
H2-Q7,RPAGDGTFQKW,"(254, 264)",VETRPAGDGTF,"(251, 261)",8,RPAGDGTF,True
H2-Q7,TRPAGDGTFQ,"(253, 262)",VETRPAGDGTF,"(251, 261)",9,TRPAGDGTF,True
H2-Q7,YVDDTQFVR,"(47, 55)",YVDDTQFVRF,"(47, 56)",9,YVDDTQFVR,True
H2-Q7,YVDDTQFVR,"(47, 55)",YVDDTQFVRFD,"(47, 57)",9,YVDDTQFVR,True
H2-Q7,YVDDTQFVRF,"(47, 56)",YVDDTQFVRFD,"(47, 57)",10,YVDDTQFVRF,True
Ski,FETAVAPNV,"(407, 415)",TAVAPNVAL,"(409, 417)",7,TAVAPNV,True
H2-K1,AGDGTFQKW,"(216, 224)",ETRPAGDGTF,"(212, 221)",6,AGDGTF,True
H2-K1,AGDGTFQKW,"(216, 224)",ETRPAGDGTFQK,"(212, 223)",8,AGDGTFQK,True
H2-K1,AGDGTFQKW,"(216, 224)",RPAGDGTFQKW,"(214, 224)",9,AGDGTFQKW,True
H2-K1,AGDGTFQKW,"(216, 224)",TRPAGDGTFQ,"(213, 222)",7,AGDGTFQ,True
H2-K1,AGDGTFQKW,"(216, 224)",VETRPAGDGTF,"(211, 221)",6,AGDGTF,True
H2-K1,ETRPAGDGTF,"(212, 221)",ETRPAGDGTFQK,"(212, 223)",10,ETRPAGDGTF,True
H2-K1,ETRPAGDGTF,"(212, 221)",RPAGDGTFQKW,"(214, 224)",8,RPAGDGTF,True
H2-K1,ETRPAGDGTF,"(212, 221)",TRPAGDGTFQ,"(213, 222)",9,TRPAGDGTF,True
H2-K1,ETRPAGDGTF,"(212, 221)",VETRPAGDGTF,"(211, 221)",10,ETRPAGDGTF,True
H2-K1,ETRPAGDGTFQK,"(212, 223)",RPAGDGTFQKW,"(214, 224)",10,RPAGDGTFQK,True
H2-K1,ETRPAGDGTFQK,"(212, 223)",TRPAGDGTFQ,"(213, 222)",10,TRPAGDGTFQ,True
H2-K1,ETRPAGDGTFQK,"(212, 223)",VETRPAGDGTF,"(211, 221)",10,ETRPAGDGTF,True
H2-K1,RPAGDGTFQKW,"(214, 224)",TRPAGDGTFQ,"(213, 222)",9,RPAGDGTFQ,True
H2-K1,RPAGDGTFQKW,"(214, 224)",VETRPAGDGTF,"(211, 221)",8,RPAGDGTF,True
H2-K1,TRPAGDGTFQ,"(213, 222)",VETRPAGDGTF,"(211, 221)",9,TRPAGDGTF,True
Samhd1,AEQLIRVY,"(587, 594)",AEQLIRVYC,"(587, 595)",8,AEQLIRVY,True
Samhd1,DTPQFQRLR,"(168, 176)",QRLRYIKQL,"(173, 181)",4,QRLR,True
Samhd1,EHSLGVGYL,"(197, 205)",FEHSLGVGY,"(196, 204)",8,EHSLGVGY,True
Samhd1,EHSLGVGYL,"(197, 205)",SHNRFEHSL,"(192, 200)",4,EHSL,True
Samhd1,FEHSLGVGY,"(196, 204)",SHNRFEHSL,"(192, 200)",5,FEHSL,True
Tpt1,AEQIKHIL,"(118, 125)",AEQIKHILA,"(118, 126)",8,AEQIKHIL,True
Tpt1,NHHLQETSF,"(74, 82)",QETSFTKEA,"(78, 86)",5,QETSF,True
Tpt1,NHHLQETSF,"(74, 82)",QETSFTKEAY,"(78, 87)",5,QETSF,True
Tpt1,NHHLQETSF,"(74, 82)",VDIVMNHHL,"(69, 77)",4,NHHL,True
Tpt1,QETSFTKEA,"(78, 86)",QETSFTKEAY,"(78, 87)",9,QETSFTKEA,True
Ccnd2,EEEVFPLAM,"(71, 79)",EVFPLAMNY,"(73, 81)",7,EVFPLAM,True
Ccnd2,ETIPLTAEK,"(112, 120)",ETIPLTAEKL,"(112, 121)",9,ETIPLTAEK,True
Tgm2,GSVDILRRW,"(255, 263)",IGSVDILRRW,"(254, 263)",9,GSVDILRRW,True
Tgm2,LLAERDLYL,"(574, 582)",YLLAERDLYL,"(573, 582)",9,LLAERDLYL,True
Aip,ADFAKVLEL,"(285, 293)",KVLELDPAL,"(289, 297)",5,KVLEL,True
Aip,VVLYPLVAK,"(94, 102)",YPLVAKSL,"(97, 104)",6,YPLVAK,True
Fhl2,KKPITTGGVTY,"(165, 175)",KPITTGGVTY,"(166, 175)",10,KPITTGGVTY,True
Elavl1,EVIKDANLY,"(100, 108)",RPSSEVIKDA,"(96, 105)",6,EVIKDA,True
Elavl1,EVIKDANLY,"(100, 108)",SSEVIKDANLY,"(98, 108)",9,EVIKDANLY,True
Elavl1,GRTNLIVNY,"(17, 25)",RTNLIVNY,"(18, 25)",8,RTNLIVNY,True
Elavl1,QSKTIKVSY,"(86, 94)",RLQSKTIKV,"(84, 92)",7,QSKTIKV,True
Elavl1,RPSSEVIKDA,"(96, 105)",SSEVIKDANLY,"(98, 108)",8,SSEVIKDA,True
C1s1,ERFTGFAA,"(117, 124)",NEERFTGF,"(115, 122)",6,ERFTGF,True
Arf6,AGKTTILY,"(23, 30)",DAAGKTTILYK,"(21, 31)",8,AGKTTILY,True
Arf6,AGKTTILY,"(23, 30)",KTTILYKLK,"(25, 33)",6,KTTILY,True
Arf6,DAAGKTTILYK,"(21, 31)",KTTILYKLK,"(25, 33)",7,KTTILYK,True
Cox7c,YEEGPGKNL,"(18, 26)",YEEGPGKNLP,"(18, 27)",9,YEEGPGKNL,True
Cited2,QPQHAFNAL,"(42, 50)",QQQQPQHAF,"(39, 47)",6,QPQHAF,True
Lyn,GEWWKAKSL,"(96, 104)",KVLEEHGEWW,"(90, 99)",4,GEWW,True
Ddx17,DRQTLMWSA,"(269, 277)",IRPDRQTLM,"(266, 274)",6,DRQTLM,True
Ddx17,DRQTLMWSA,"(269, 277)",RPDRQTLMW,"(267, 275)",7,DRQTLMW,True
Ddx17,DRQTLMWSA,"(269, 277)",RQTLMWSA,"(270, 277)",8,RQTLMWSA,True
Ddx17,IRPDRQTLM,"(266, 274)",RPDRQTLMW,"(267, 275)",8,RPDRQTLM,True
Ddx17,IRPDRQTLM,"(266, 274)",RQTLMWSA,"(270, 277)",5,RQTLM,True
Ddx17,LVLAPTREL,"(168, 176)",RELAQQVQQV,"(174, 183)",3,REL,True
Ddx17,LVLAPTREL,"(168, 176)",RELAQQVQQVA,"(174, 184)",3,REL,True
Ddx17,RELAQQVQQV,"(174, 183)",RELAQQVQQVA,"(174, 184)",10,RELAQQVQQV,True
Ddx17,RPDRQTLMW,"(267, 275)",RQTLMWSA,"(270, 277)",6,RQTLMW,True
Ddx17,VHINHQPYL,"(151, 159)",YLLPAIVHI,"(145, 153)",3,VHI,True
Ddit4,RLDSRLWPK,"(176, 184)",RLWPKIQGL,"(180, 188)",5,RLWPK,True
Cnn2,EVKNRLLSK,"(16, 24)",VKNRLLSKY,"(17, 25)",8,VKNRLLSK,True
Klf2,RSDHLALHM,"(341, 349)",SRSDHLAL,"(340, 347)",7,RSDHLAL,True
Pfkp,QSHQRTFVL,"(204, 212)",SHQRTFVL,"(205, 212)",8,SHQRTFVL,True
Hbp1,ISVILGDRW,"(465, 473)",NRAISVIL,"(462, 469)",5,ISVIL,True
Hbp1,ISVILGDRW,"(465, 473)",RAISVILGDRW,"(463, 473)",9,ISVILGDRW,True
Hbp1,NRAISVIL,"(462, 469)",RAISVILGDRW,"(463, 473)",7,RAISVIL,True
Rab31,EHGPENIVM,"(105, 113)",KEHGPENIVM,"(104, 113)",9,EHGPENIVM,True
Rab31,REVPLKDAKEY,"(126, 136)",VPLKDAKEY,"(128, 136)",9,VPLKDAKEY,True
Axl,RVYTSKSDVW,"(717, 726)",VYTSKSDVW,"(718, 726)",9,VYTSKSDVW,True
Axl,RVYTSKSDVW,"(717, 726)",VYTSKSDVWSF,"(718, 728)",9,VYTSKSDVW,True
Axl,RVYTSKSDVW,"(717, 726)",YTSKSDVW,"(719, 726)",8,YTSKSDVW,True
Axl,VYTSKSDVW,"(718, 726)",VYTSKSDVWSF,"(718, 728)",9,VYTSKSDVW,True
Axl,VYTSKSDVW,"(718, 726)",YTSKSDVW,"(719, 726)",8,YTSKSDVW,True
Axl,VYTSKSDVWSF,"(718, 728)",YTSKSDVW,"(719, 726)",8,YTSKSDVW,True
Saraf,DRYTTSRRL,"(50, 58)",RRLDPIPQL,"(56, 64)",3,RRL,True
Saraf,IAYKFGKTV,"(103, 111)",KTDLDIAY,"(98, 105)",3,IAY,True
Id2,ALDSHPTIV,"(77, 85)",IALDSHPTI,"(76, 84)",8,ALDSHPTI,True
Id2,KAFSPVRSVRK,"(1, 11)",SPVRSVRKNSL,"(4, 14)",8,SPVRSVRK,True
Id2,KTPVDDPMSLLY,"(25, 36)",TPVDDPMSL,"(26, 34)",9,TPVDDPMSL,True
Id2,KTPVDDPMSLLY,"(25, 36)",TPVDDPMSLLY,"(26, 36)",11,TPVDDPMSLLY,True
Id2,TPVDDPMSL,"(26, 34)",TPVDDPMSLLY,"(26, 36)",9,TPVDDPMSL,True
Dad1,IQINPQNKADF,"(74, 84)",RIQINPQNK,"(73, 81)",8,IQINPQNK,True
Dad1,KLLDAYLL,"(24, 31)",KLLDAYLLY,"(24, 32)",8,KLLDAYLL,True
Gbp2,KSYLMNKL,"(50, 57)",RTGKSYLM,"(47, 54)",5,KSYLM,True
